CPUs,Batch Size,Training Time (Seconds)
1,64,537.5791404247284
10,64,324.6906547546387
16,64,269.6663694381714
32,64,579.7616019248962
